Город,Название,Деятельность,краткое описание деятельности,Телефон,Адрес,Ссылки
Анаграск,"ОО ТОС АГО 
""12а микрорайон""",Местное сообщество и развитие территорий,"Основная деятельность
Повышение качества жизни жителей 12а микрорайона г.Ангарска Иркутской области ( Благоустройство и содержании территории, организация культурных, спортивных и социально значимых мероприятий, взаимодействие с органами власти для учёта мнения жителей, , экологии и социальной помощи.

ЦА
Жители микрорайона 12А (социально незащищенные группы: пенсионеры, инвалиды, многодетные семьи, малоимущие и д.р. дети и молодежь, собственники жилья.)

План мероприятий на год
1) Физическая зарядка для пенсионеров каждый четверг
2) Каждую пятницу тренировки по скандинавской ходьбе для всех возрастов. 
3) До 30.10.2025 установка детской эко-площадки и открытие площадки.
4) Раз в месяц встречи с жителями по обсуждению проблем на территории и пути решения.",нет,нет,https://vk.com/id746471055 
Волгодонск,"Благотворительный общественно полезный фонд помощи социально незащищенным слоям населения ""Платформа добрых дел""",Социальная защита (помощь людям в трудной ситуации),"Основная деятельность
Благотворительный общественно полезный фонд помощи социально незащищенным слоям населения «Платформа добрых дел»
Основной вид деятельности (ОКВЭД) 64.99 

ЦА
молодые люди с инвалидностью старше 18 лет, граждане старшего возраста (пенсионного)

План мероприятий на год
Плана мероприятий пока нет, так как такового обозначенного плана нашим фондом не имеется.",нет,нет,нет
Глазов,"МБУ ""Молодежный центр""",Местное сообщество и развитие территорий,"Основные деятельность:
-Консультирование и регистрация на площадке «Добро.РФ»
-Проведение ""Школы волонтеров"" 
-Формирование и сопровождение волонтерских корпусов (например, на общегородских мероприятиях, федеральных проектах (Формирование комфортной городской среды)
-Информирование граждан и организаторов о развитии добровольчества, благотворительности и гражданских инициатив (индивидуально)

ЦА:
Молодежь в возрасте от 14 до 35 лет

План мероприятий:
файл
",нет,нет,https://vk.com/mcglazov
Глазов,"Культурная база ""Короленко 8"" (МБУ ""ЦМиТО УКСиМП"" ",Другое,"Основная деятельность:  
Ресурсный центр помощи НКО и сообществам, учреждениям культуры, образования

ЦА: 
Инициативные жители, сообщества, НКО, учреждения города",нет,нет,https://m.vk.com/korolenko8?from=groups
Железногорск,"КРОМО ""Экологический союз"" ",Экология и устойчивое развитие,"Основная деятельность: 
Организация и проведение различных экскурсий, конкурсов, выставок, акций, конференций, фестивалей, семинаров, олимпиад, походов, круглых столов, курсов, связанных с миром природы. Разработка и реализация просветительных программ эколого -биологической, естественно-научной, природоохранной, туристско - краеведческой направленности для детей и взрослых вместе с детьми. Оказание практической помощи другим организациям и привлечение молодежи к участию в экологической работе на территории ЗАТО Железногорск. 

ЦА: 
Активная молодежь, заинтересовнная в решении экологических проблем и природоохранной деятельности, экоактивисты.

План мероприятий на год:
1) «Нескучная инженерия» при поддержке АНО «Энергия развития» ГК Росатом.
2) «Ни грамма скуки» - при поддержке фонда президентских грантов.
3) «Меняй себя, а не климат» поддержанный фондом «Соработничество» (с 1 августа).
4) Проект «Система ЗАТО Железногорск» (с 1 декабря).
",нет,нет,Vk.com/ecosoyuz24 
Зеленогорск,Федерация картинга,Здоровье и спорт,,нет,нет,Vk.com/publik177651782
Зеленогорск,"НКО ""Резервный фонд поддержки гражданских инициатив города Зеленогорска""",Местное сообщество и развитие территорий,"Три года назад Фонд планировали закрывать. Потом он стал площадкой по сбору средст в поддержку волонтеров СВО, т.к. других фондов в городе нет. 

Основаная детельность:
На сегодня принято решение оставить Фонд после окончания СВО. Он будет заниматься сбором пожертвований и помощью людям в тяжелых ситуациях (пожары, болезни и т.п.). 

ЦА:  
люди в сложной жизненой ситуации",нет,нет,https://vk.com/club206489451?from=groups
Зеленогорск,"АНО ""Клуб компьютерного спорта и фиджитал-спорта ""Кибер-атом""",Здоровье и спорт,нет,нет,нет,https://vk.com/cyberatom_zlk24
Зеленогорск,"АНО РАЗВИВАЮЩИЙ ЦЕНТР ""СОЛНЕЧНЫЙ ГОРОД"" """,Социальная защита (помощь людям в трудной ситуации),"Основаная детельность:
Оказание психолого-педагогической помощи семьям с детьми,  в том числе с инвалидностью и ОВЗ

ЦА: 
Семьи с детьми от рождения до 18 лет

План мероприятий на год: 
Проект ""Передышка"" (поддержан КЦПРОИ)",нет,нет,https://vk.com/sunny_gorod
Зеленогорск,АНО КРЦРМСИГ ЕЛЕНЫ ЖИВАЕВОЙ ,Местное сообщество и развитие территорий,Информация об организации АНО КРЦРМСИГ Елены Живаевой,нет,нет,https://vk.com/elenazivaeva
Зеленогорск,АНО Ресурсный центр,Местное сообщество и развитие территорий,нет,нет,нет,https://m.vk.com/resyrs.center?from=groups
Зеленогорск,"АНО СС ""Линия жизни"" ",Социальная защита (помощь людям в трудной ситуации),"Основная деятельность: 
Предоставление социальных услуг на дому

ЦА:
Пенсионеры, инвалиды, семьи с детьми инвалидами, люди оказавшись в трудной жизненной ситуации

План мероприятий на год:
1) Ежемесячно поздравление юбиляров на дому
2) Август - Сентябрь (Акция корзина добра сбор продуктов питания для малообеспечненых?)
3) Октябрь-День пожилого человека (поздравление презентами пожилых людей на дому)
4) Ноябрь - Международный день инвалида (посещение на дому молодых инвалидов с презентами)
5) День матери - поздравление многодетных матерей 
6) Декабрь - Новогодний экспресс (поздравление получателей социальных услуг)
Во всех мероприятиях нам помогают партнёры, садики, школы и техникум.",нет,нет,https://m.vk.com/liniya_zhizni_zel http://liniyazhiznizel.ru https://ok.ru/group/61396158775366
Зеленогорск,АНО Центр досуга и развития детей,Культура и образование,нет,нет,нет,https://vk.com/anocdrdzelenogorsk?from=groups
Зеленогорск,"Автономная некоммерческая организация ""Клуб компьютерного спорта и фиджитал-спорта ""Кибер-атом""",Здоровье и спорт,"Основная деятельность: 
ОКВЭД 93.12 - Деятельность спортивных клубов. А если по факту, то занимаюсь развитием компьютерного спорта и фиджитал-спорта в нашем городе, проведением мероприятий, турниров и просветительской работой в этой области

Ца: подростки 12-17 лет, а также их родители. С первыми ведем непосредственную работу по развитию их навыков в киберспорте и фиджитале, а со вторыми веду просветительскую работу и просто рассказываю, что киберспорт это не бесконтрольный гейминг и не игромания, а такое же спортивное направление, как футбол, шахматы и так далее, он также развивает определенные навыки, и дети там также получают определенные знания и необходимую для них в наше время социализацию.

План мероприятий до конца года 
В планах до конца года открыть детский клуб, уже подготовительные работы ведутся, смета на оборудование подготовлена, но основная проблема в его дороговизне. Открыть клуб на 10 компьютеров, две приставки и 1 VR-шлем даже не на топовом оборудовании, но на более-менее актуальном, стоит по моим подсчетам порядка полутора миллионов. Это без затрат на ремонт и остальные расходы",нет,нет,"группа ВК: https://vk.com/cyberatom_zlk24
канал Телеграм: https://t.me/cyberatom_zlk24"
Нижний Новгород,БФ «Планета кошек»,Защита животных,"Благотворительный Фонд ""Планета Кошек"" — это проект помощи бездомным животным в Нижнем Новгороде!

Благотворительный Фонд ""Планета Кошек"" входит в состав многофункционального Центра помощи и реабилитации животных. Деятельность Фонда направлена на спасение животных, оказавшихся в сложных жизненных ситуация, брошенных на улице, нуждающихся в ветеринарной помощи!",нет,нет,https://vk.com/planetakosheknn
Омск,АНО СЦСА НАШИ ДЕТИ,Социальная защита (помощь людям в трудной ситуации),"Основная деятельность: 
Помощь семьям воспитывающих детей с инвалидностью. Обучение неговорящих детей общаться при помощи альтернативной коммуникации. Открываем новое направление ранняя помощь детям до 3х  лет, имеющим трудности в развитии. 

ЦА: 
Семьи воспитывающие детей до 3х лет, имеющие трудности в развитии, проживающие в Омском регионе.
Семьи воспитывающие неговорящих детей, нуждающихся в альтернативных способах общения, проживающие в городе Омске. 

План мероприятий до конца года: 
1) 31.07.25 Встреча с зам министра образования Груздевой - обсуждение дорожной карты развития альтернативной коммуникации в адаптивных школах Омской области. Мероприятия появятся после обсуждения дорожной карты.
2) 31.08.25 Завершение мероприятий проекта - встреч детей с инвалидностью по проекту ""Вокруг света"" поддержанного Министерством труда и социального развития Омской области.
3) 1.08.2025 Старт волонтерского проекта совместно с Омским филиалом ПАО ""Ростелеком"" «Чтение без границ».
4) 19.12.2025 Проведение двух новогодних мероприятий для детей с инвалидностью, поддержка Администрации города Омска.
5) Ждем результаты гранта Министерства внутренней политики Омской области. Проект ""Музыка для всех"", в рамках которого заложено сотрудничество с музыкальными школами региона для расширения компетенций педагогов в работе с особенными детьми.
5) В рамках субсидии Министерства труда и социального развития проводим занятия на безвозмездной основе для 30 ребят, учим общаться при помощи альтернативной коммуникации. (индивидуальные и групповые занятия"".
Занятия проводятся регулярно и постоянно.
6) С 15 сентября стартуют занятия в рамках ранней помощи для детей с трудностями в развитии до 3х лет. Ведем набор детей.
",нет,нет,https://vk.com/ndetiomsk
Северск,"ТРОО ""ВПЦ"" МИРНЫЙ ВОИН""",Социальная защита (помощь людям в трудной ситуации),нет,нет,нет,https://ok.ru/profile/566417452251/statuses/156787104735451
Снежинск,СГОО БУМЕРАНГ ДОБРА,Социальная защита (помощь людям в трудной ситуации),нет,нет,нет,https://vk.com/bdsnz
Снежинск,ДоброЦентр при СО НКО Бумеранг добра ,Социальная защита (помощь людям в трудной ситуации),нет,нет,нет,https://vk.com/snzzhensovet
Снежинск,"Снежинская городская общественная организация ""Союз женщин Снежинска""",Местное сообщество и развитие территорий,"Основная деятельность:
Поддержка семей с детьми: многодетных, приемных семей, семей в городских общежитиях через Семейный клуб, развитие социального предпринимательства. Содействие повышению качества жизни старшего поколения через Клуб общения старшего поколения. 
Поддержка общественного движения по сохранению и  развитию национальных культур в Снежинске. 
Защита прав женщин.

ЦА:
Женщины, семьи с детьми, пенсионеры

План мероприятий на год: 
1) Открыть Семейный клуб и Центр долголетия",нет,нет,https://vk.com/sovetgensnz?from=groups
Усолье-Сибирское,БФМС Новое Усолье,Местное сообщество и развитие территорий,"Основная деятельность: 
Активизация/развитие местного сообщества для улучшения жизни в городе

ЦА:
Неравнодушные жители, женщины 40+, семьи с детьми
",нет,нет,https://vk.com/club166583301
Усолье-Сибирское,УГМО ИОРОООО ВОИ,Другое,"Основная деятельность:
Организация работает по поддержке людей с инвалидностью и развитию адаптивной физической культуры и спорта в городе. Группа изучает более 25 человек различных нозологических групп. 

ЦА: 
Люди с инвалидностью всех возрастов
",нет,нет,нет
Озерск,АНО «Твердыми шагами»,Другое,"Автономная некоммерческая организация помощи детям с ограниченными возможностями здоровья, инвалидностью и их семьям.",нет,нет,https://vk.com/club207076122